{
  "ext/controller/Needforclarification.js": 1706080817795,
  "ext/controller/Form.controller.js": 1706099150276,
  "ext/controller/Reject.js": 1706070442102,
  "i18n/i18n.properties": 1706075986790,
  "manifest.json": 1706167716622,
  "ext/controller/Approve.js": 1706070419347,
  "Component.js": 1706069872910,
  "Component-preload.js": 1706167717039,
  "ext/controller/Needforclarification-dbg.js": 1706080817795,
  "ext/controller/Reject-dbg.js": 1706070442102,
  "ext/controller/Form-dbg.controller.js": 1706099150276,
  "ext/controller/Approve-dbg.js": 1706070419347,
  "Component-dbg.js": 1706069872910,
  "css/style.css": 1706167432598,
  "index.html": 1706069872910
}